cam,depth_channels,depth_dtype,depth_exists,depth_gt_channels,depth_gt_dtype,depth_gt_exists,depth_gt_height,depth_gt_max,depth_gt_mean,depth_gt_min,depth_gt_nonzero_ratio,depth_gt_path,depth_gt_read_ok,depth_gt_std,depth_gt_width,depth_height,depth_max,depth_mean,depth_min,depth_nonzero_ratio,depth_path,depth_read_ok,depth_std,depth_width,frame_id,gt_channels,gt_dtype,gt_exists,gt_height,gt_max,gt_mean,gt_min,gt_nonzero_ratio,gt_path,gt_read_ok,gt_std,gt_width,label,label_name,rgb_channels,rgb_dtype,rgb_exists,rgb_height,rgb_max,rgb_mean,rgb_min,rgb_nonzero_ratio,rgb_path,rgb_read_ok,rgb_std,rgb_width,split
cam1,1,uint8,True,,,False,,,,,,,,,,6000,233.0,124.35525373868508,58.0,0.9999951774691358,rail_mvtec_gt_test\rail_mvtec_depth\cam1\test\good\20251210_185619_Cam1_00010.tiff,True,48.91816924722875,1728,20251210_185619_Cam1_00010,,,False,,,,,,,,,,0,good,1,uint8,True,6000,255.0,202.52548112364147,1.0,0.9999970100308642,rail_mvtec_gt_test\rail_mvtec\cam1\test\good\20251210_185619_Cam1_00010.jpg,True,25.798286532568035,1728,test
cam1,1,uint8,True,,,False,,,,,,,,,,6000,233.0,125.04594019486848,59.0,0.9999933100639907,rail_mvtec_gt_test\rail_mvtec_depth\cam1\test\good\20251210_185619_Cam1_00013.tiff,True,48.531650655396135,1719,20251210_185619_Cam1_00013,,,False,,,,,,,,,,0,good,1,uint8,True,6000,255.0,207.50150039422311,1.0,0.9999957339538491,rail_mvtec_gt_test\rail_mvtec\cam1\test\good\20251210_185619_Cam1_00013.jpg,True,25.06375496016577,1719,test
cam1,1,uint8,True,,,False,,,,,,,,,,6000,233.0,125.25759676239609,59.0,0.9999947795823666,rail_mvtec_gt_test\rail_mvtec_depth\cam1\test\good\20251210_185619_Cam1_00015.tiff,True,48.711324141047,1724,20251210_185619_Cam1_00015,,,False,,,,,,,,,,0,good,1,uint8,True,6000,255.0,204.85218916075115,1.0,0.9999965197215778,rail_mvtec_gt_test\rail_mvtec\cam1\test\good\20251210_185619_Cam1_00015.jpg,True,27.35420214643348,1724,test
cam1,1,uint8,True,,,False,,,,,,,,,,6000,234.0,125.52758630945311,59.0,0.9999936268829664,rail_mvtec_gt_test\rail_mvtec_depth\cam1\test\good\20251210_185619_Cam1_00018.tiff,True,48.67553544402767,1726,20251210_185619_Cam1_00018,,,False,,,,,,,,,,0,good,1,uint8,True,6000,255.0,202.31321715935226,1.0,0.9999963306295867,rail_mvtec_gt_test\rail_mvtec\cam1\test\good\20251210_185619_Cam1_00018.jpg,True,27.001945621527902,1726,test
cam1,1,uint8,True,,,False,,,,,,,,,,6000,234.0,125.66279953279052,60.0,0.9999975817372799,rail_mvtec_gt_test\rail_mvtec_depth\cam1\test\good\20251210_185619_Cam1_00020.tiff,True,48.60567004756259,1723,20251210_185619_Cam1_00020,,,False,,,,,,,,,,0,good,1,uint8,True,6000,255.0,201.4684332646191,1.0,0.9999987425033856,rail_mvtec_gt_test\rail_mvtec\cam1\test\good\20251210_185619_Cam1_00020.jpg,True,25.416906251379924,1723,test
cam1,1,uint8,True,,,False,,,,,,,,,,6000,234.0,125.69834165331187,59.0,0.9999977764887857,rail_mvtec_gt_test\rail_mvtec_depth\cam1\test\good\20251210_185619_Cam1_00021.tiff,True,48.624705778508485,1724,20251210_185619_Cam1_00021,,,False,,,,,,,,,,0,good,1,uint8,True,6000,255.0,201.20041589387455,1.0,0.9999985498839907,rail_mvtec_gt_test\rail_mvtec\cam1\test\good\20251210_185619_Cam1_00021.jpg,True,24.12929882347923,1724,test
cam1,1,uint8,True,,,False,,,,,,,,,,6000,233.0,125.70285144072234,60.0,0.9999970963995354,rail_mvtec_gt_test\rail_mvtec_depth\cam1\test\good\20251210_185619_Cam1_00025.tiff,True,48.51819851442253,1722,20251210_185619_Cam1_00025,,,False,,,,,,,,,,0,good,1,uint8,True,6000,255.0,201.49443780540483,1.0,0.9999983546264034,rail_mvtec_gt_test\rail_mvtec\cam1\test\good\20251210_185619_Cam1_00025.jpg,True,23.363842352841,1722,test
cam1,1,uint8,True,,,False,,,,,,,,,,6000,233.0,124.27831840448252,58.0,0.9999979662986636,rail_mvtec_gt_test\rail_mvtec_depth\cam1\test\good\20251210_185619_Cam1_00038.tiff,True,48.74649298965082,1721,20251210_185619_Cam1_00038,,,False,,,,,,,,,,0,good,1,uint8,True,6000,255.0,207.37259878932662,1.0,0.9999989347278714,rail_mvtec_gt_test\rail_mvtec\cam1\test\good\20251210_185619_Cam1_00038.jpg,True,22.996237876449754,1721,test
cam1,1,uint8,True,,,False,,,,,,,,,,6000,233.0,117.84532598853104,49.0,0.9999962814645309,rail_mvtec_gt_test\rail_mvtec_depth\cam1\test\good\20251210_185619_Cam1_00045.tiff,True,50.48532437978047,1748,20251210_185619_Cam1_00045,,,False,,,,,,,,,,0,good,1,uint8,True,6000,255.0,209.8923834303206,1.0,0.9999977116704806,rail_mvtec_gt_test\rail_mvtec\cam1\test\good\20251210_185619_Cam1_00045.jpg,True,24.811491549045044,1748,test
cam1,1,uint8,True,,,False,,,,,,,,,,6000,234.0,126.25505283073045,58.0,0.9999846978557505,rail_mvtec_gt_test\rail_mvtec_depth\cam1\test\good\20251210_185619_Cam1_00048.tiff,True,48.1863138897166,1710,20251210_185619_Cam1_00048,,,False,,,,,,,,,,0,good,1,uint8,True,6000,255.0,208.37141345013765,1.0,0.9999897660818713,rail_mvtec_gt_test\rail_mvtec\cam1\test\good\20251210_185619_Cam1_00048.jpg,True,26.812145463475733,1710,test
cam1,1,uint8,True,1,uint8,True,6000,255.0,246.85107805448772,31.0,0.0005734138393712862,rail_mvtec_gt_test\rail_mvtec_depth\cam1\ground_truth\broken\20250417_123456_Cam1_00147.png,True,34.976003116528986,1739,6000,233.0,117.24008682833616,49.0,0.9999924285988115,rail_mvtec_gt_test\rail_mvtec_depth\cam1\test\broken\20250417_123456_Cam1_00147.tiff,True,50.38154645983919,1739,20250417_123456_Cam1_00147,1,uint8,True,6000,255.0,246.85107805448772,31.0,0.0005734138393712862,rail_mvtec_gt_test\rail_mvtec\cam1\ground_truth\broken\20250417_123456_Cam1_00147.png,True,34.976003116528986,1739,1,broken,1,uint8,True,6000,255.0,98.73814645598641,1.0,0.9999949204523673,rail_mvtec_gt_test\rail_mvtec\cam1\test\broken\20250417_123456_Cam1_00147.jpg,True,36.66758953191416,1739,test
cam1,1,uint8,True,1,uint8,True,6000,255.0,241.961557417447,31.0,0.0003878058103975535,rail_mvtec_gt_test\rail_mvtec_depth\cam1\ground_truth\broken\20250417_123456_Cam1_00148.png,True,43.22525160462544,1744,6000,233.0,116.73312704498875,48.0,0.9999994266055046,rail_mvtec_gt_test\rail_mvtec_depth\cam1\test\broken\20250417_123456_Cam1_00148.tiff,True,50.59948235480726,1744,20250417_123456_Cam1_00148,1,uint8,True,6000,255.0,241.961557417447,31.0,0.0003878058103975535,rail_mvtec_gt_test\rail_mvtec\cam1\ground_truth\broken\20250417_123456_Cam1_00148.png,True,43.22525160462544,1744,1,broken,1,uint8,True,6000,255.0,102.10884647785096,2.0,0.9999995221712539,rail_mvtec_gt_test\rail_mvtec\cam1\test\broken\20250417_123456_Cam1_00148.jpg,True,36.53723427470278,1744,test
cam1,1,uint8,True,1,uint8,True,6000,255.0,250.47503941145558,31.0,0.00037690631808278866,rail_mvtec_gt_test\rail_mvtec_depth\cam1\ground_truth\broken\20250417_123456_Cam1_00162.png,True,26.68821720652507,1683,6000,235.0,128.5203716869178,62.0,0.999996137849079,rail_mvtec_gt_test\rail_mvtec_depth\cam1\test\broken\20250417_123456_Cam1_00162.tiff,True,47.4772252214529,1683,20250417_123456_Cam1_00162,1,uint8,True,6000,255.0,250.47503941145558,31.0,0.00037690631808278866,rail_mvtec_gt_test\rail_mvtec\cam1\ground_truth\broken\20250417_123456_Cam1_00162.png,True,26.68821720652507,1683,1,broken,1,uint8,True,6000,255.0,147.06423011190165,1.0,0.9999974252327194,rail_mvtec_gt_test\rail_mvtec\cam1\test\broken\20250417_123456_Cam1_00162.jpg,True,39.88290089091398,1683,test
cam1,1,uint8,True,1,uint8,True,6000,255.0,254.26365584626635,31.0,0.03759297441771669,rail_mvtec_gt_test\rail_mvtec_depth\cam1\ground_truth\broken\20251112_191827_Cam1_00015.png,True,10.140284893891646,1746,6000,241.0,119.4354023379567,51.0,0.9999495990836197,rail_mvtec_gt_test\rail_mvtec_depth\cam1\test\broken\20251112_191827_Cam1_00015.tiff,True,50.248906232270954,1746,20251112_191827_Cam1_00015,1,uint8,True,6000,255.0,254.26365584626635,31.0,0.03759297441771669,rail_mvtec_gt_test\rail_mvtec\cam1\ground_truth\broken\20251112_191827_Cam1_00015.png,True,10.140284893891646,1746,1,broken,1,uint8,True,6000,255.0,184.60198982938755,1.0,0.9999686903398244,rail_mvtec_gt_test\rail_mvtec\cam1\test\broken\20251112_191827_Cam1_00015.jpg,True,33.08373212626925,1746,test
cam1,1,uint8,True,1,uint8,True,6000,255.0,254.0317368228269,31.0,0.039076176753122,rail_mvtec_gt_test\rail_mvtec_depth\cam1\ground_truth\broken\20251112_191827_Cam1_00028.png,True,12.1371896699753,1735,6000,240.0,122.30529596362284,55.0,0.9999622478386168,rail_mvtec_gt_test\rail_mvtec_depth\cam1\test\broken\20251112_191827_Cam1_00028.tiff,True,49.64017423478272,1735,20251112_191827_Cam1_00028,1,uint8,True,6000,255.0,254.0317368228269,31.0,0.039076176753122,rail_mvtec_gt_test\rail_mvtec\cam1\ground_truth\broken\20251112_191827_Cam1_00028.png,True,12.1371896699753,1735,1,broken,1,uint8,True,6000,255.0,190.80219229067055,1.0,0.9999760806916427,rail_mvtec_gt_test\rail_mvtec\cam1\test\broken\20251112_191827_Cam1_00028.jpg,True,31.53596856260456,1735,test
cam1,1,uint8,True,1,uint8,True,6000,255.0,253.83998533113123,31.0,0.03643156478277586,rail_mvtec_gt_test\rail_mvtec_depth\cam1\ground_truth\broken\20251112_191827_Cam1_00095.png,True,14.52296378218761,1734,6000,238.0,122.09348526446604,54.0,0.999967416378316,rail_mvtec_gt_test\rail_mvtec_depth\cam1\test\broken\20251112_191827_Cam1_00095.tiff,True,49.555640167924714,1734,20251112_191827_Cam1_00095,1,uint8,True,6000,255.0,253.83998533113123,31.0,0.03643156478277586,rail_mvtec_gt_test\rail_mvtec\cam1\ground_truth\broken\20251112_191827_Cam1_00095.png,True,14.52296378218761,1734,1,broken,1,uint8,True,6000,255.0,188.36136107348594,1.0,0.9999796232218378,rail_mvtec_gt_test\rail_mvtec\cam1\test\broken\20251112_191827_Cam1_00095.jpg,True,31.779412118195843,1734,test
cam1,1,uint8,True,1,uint8,True,6000,255.0,242.33718054410554,31.0,0.00011941327032880488,rail_mvtec_gt_test\rail_mvtec_depth\cam1\ground_truth\broken\20251210_185619_Cam1_00007.png,True,41.5564762682428,1693,6000,237.0,133.25730019200722,67.0,0.9999952746603662,rail_mvtec_gt_test\rail_mvtec_depth\cam1\test\broken\20251210_185619_Cam1_00007.tiff,True,46.84325295409591,1693,20251210_185619_Cam1_00007,1,uint8,True,6000,255.0,242.33718054410554,31.0,0.00011941327032880488,rail_mvtec_gt_test\rail_mvtec\cam1\ground_truth\broken\20251210_185619_Cam1_00007.png,True,41.5564762682428,1693,1,broken,1,uint8,True,6000,255.0,209.18326444487016,1.0,0.9999966528844261,rail_mvtec_gt_test\rail_mvtec\cam1\test\broken\20251210_185619_Cam1_00007.jpg,True,24.055253581611467,1693,test
cam1,1,uint8,True,1,uint8,True,6000,255.0,252.0974320765179,31.0,0.005566358024691358,rail_mvtec_gt_test\rail_mvtec_depth\cam1\ground_truth\broken\20251210_185619_Cam1_00017.png,True,21.382129758953486,1728,6000,233.0,124.89696466394287,59.0,0.999988425925926,rail_mvtec_gt_test\rail_mvtec_depth\cam1\test\broken\20251210_185619_Cam1_00017.tiff,True,48.84977404019242,1728,20251210_185619_Cam1_00017,1,uint8,True,6000,255.0,252.0974320765179,31.0,0.005566358024691358,rail_mvtec_gt_test\rail_mvtec\cam1\ground_truth\broken\20251210_185619_Cam1_00017.png,True,21.382129758953486,1728,1,broken,1,uint8,True,6000,255.0,202.797025652491,1.0,0.9999923804012346,rail_mvtec_gt_test\rail_mvtec\cam1\test\broken\20251210_185619_Cam1_00017.jpg,True,28.95475027151169,1728,test
cam1,1,uint8,True,1,uint8,True,6000,255.0,252.2729480042639,31.0,0.003274384331975955,rail_mvtec_gt_test\rail_mvtec_depth\cam1\ground_truth\broken\20251210_185619_Cam1_00036.png,True,20.703448304172554,1719,6000,233.0,124.791174393165,57.0,0.9999966065541982,rail_mvtec_gt_test\rail_mvtec_depth\cam1\test\broken\20251210_185619_Cam1_00036.tiff,True,48.493425281040565,1719,20251210_185619_Cam1_00036,1,uint8,True,6000,255.0,252.2729480042639,31.0,0.003274384331975955,rail_mvtec_gt_test\rail_mvtec\cam1\ground_truth\broken\20251210_185619_Cam1_00036.png,True,20.703448304172554,1719,1,broken,1,uint8,True,6000,255.0,206.2310935181544,1.0,0.999997673065736,rail_mvtec_gt_test\rail_mvtec\cam1\test\broken\20251210_185619_Cam1_00036.jpg,True,26.207906434476577,1719,test
cam1,1,uint8,True,1,uint8,True,6000,255.0,249.81286772717368,31.0,0.0017766163375919474,rail_mvtec_gt_test\rail_mvtec_depth\cam1\ground_truth\broken\20251210_185619_Cam1_00040.png,True,29.77002193053149,1722,6000,232.0,123.60405856526087,58.0,0.9999929345722028,rail_mvtec_gt_test\rail_mvtec_depth\cam1\test\broken\20251210_185619_Cam1_00040.tiff,True,48.78473183695232,1722,20251210_185619_Cam1_00040,1,uint8,True,6000,255.0,249.81286772717368,31.0,0.0017766163375919474,rail_mvtec_gt_test\rail_mvtec\cam1\ground_truth\broken\20251210_185619_Cam1_00040.png,True,29.77002193053149,1722,1,broken,1,uint8,True,6000,255.0,206.75140200972632,1.0,0.999995547812621,rail_mvtec_gt_test\rail_mvtec\cam1\test\broken\20251210_185619_Cam1_00040.jpg,True,24.98239611689664,1722,test
cam1,1,uint8,True,1,uint8,True,6000,255.0,242.21875,32.0,0.00016494845360824742,rail_mvtec_gt_test\rail_mvtec_depth\cam1\ground_truth\broken\20251210_185619_Cam1_00044.png,True,42.8620425870466,1746,6000,235.0,119.64492680578131,51.0,0.9999965635738831,rail_mvtec_gt_test\rail_mvtec_depth\cam1\test\broken\20251210_185619_Cam1_00044.tiff,True,50.15964818091966,1746,20251210_185619_Cam1_00044,1,uint8,True,6000,255.0,242.21875,32.0,0.00016494845360824742,rail_mvtec_gt_test\rail_mvtec\cam1\ground_truth\broken\20251210_185619_Cam1_00044.png,True,42.8620425870466,1746,1,broken,1,uint8,True,6000,255.0,211.59946555799638,1.0,0.9999974226804124,rail_mvtec_gt_test\rail_mvtec\cam1\test\broken\20251210_185619_Cam1_00044.jpg,True,25.40937447917754,1746,test
cam2,1,uint8,True,,,False,,,,,,,,,,6000,165.0,82.67072642345505,37.0,0.999997791858679,rail_mvtec_gt_test\rail_mvtec_depth\cam2\test\good\20251112_191827_Cam2_00100.tiff,True,34.93913995123257,1736,20251112_191827_Cam2_00100,,,False,,,,,,,,,,0,good,1,uint8,True,6000,254.0,110.73182060685006,1.0,0.9999983678955453,rail_mvtec_gt_test\rail_mvtec\cam2\test\good\20251112_191827_Cam2_00100.jpg,True,36.44673110462815,1736,test
cam2,1,uint8,True,,,False,,,,,,,,,,6000,167.0,83.54525647005124,37.0,0.9999977024698449,rail_mvtec_gt_test\rail_mvtec_depth\cam2\test\good\20251210_185619_Cam2_00026.tiff,True,35.56998584506554,1741,20251210_185619_Cam2_00026,,,False,,,,,,,,,,0,good,1,uint8,True,6000,255.0,192.87958007574014,1.0,0.9999979896611143,rail_mvtec_gt_test\rail_mvtec\cam2\test\good\20251210_185619_Cam2_00026.jpg,True,35.04293914476059,1741,test
cam2,1,uint8,True,,,False,,,,,,,,,,6000,166.0,82.14235422942406,36.0,0.9999956946039036,rail_mvtec_gt_test\rail_mvtec_depth\cam2\test\good\20251210_185619_Cam2_00033.tiff,True,35.33931264034127,1742,20251210_185619_Cam2_00033,,,False,,,,,,,,,,0,good,1,uint8,True,6000,255.0,196.76246296152783,1.0,0.9999971297359357,rail_mvtec_gt_test\rail_mvtec\cam2\test\good\20251210_185619_Cam2_00033.jpg,True,34.78491628308085,1742,test
cam2,1,uint8,True,,,False,,,,,,,,,,6000,167.0,85.72255216405792,40.0,0.9999946050096339,rail_mvtec_gt_test\rail_mvtec_depth\cam2\test\good\20251210_185619_Cam2_00044.tiff,True,34.48210933989815,1730,20251210_185619_Cam2_00044,,,False,,,,,,,,,,0,good,1,uint8,True,6000,255.0,195.99592040974323,1.0,0.9999965317919075,rail_mvtec_gt_test\rail_mvtec\cam2\test\good\20251210_185619_Cam2_00044.jpg,True,33.38096414152031,1730,test
cam2,1,uint8,True,,,False,,,,,,,,,,6000,165.0,83.67315657334548,39.0,0.9999889017564176,rail_mvtec_gt_test\rail_mvtec_depth\cam2\test\good\20251210_185619_Cam2_00045.tiff,True,34.18902010920351,1727,20251210_185619_Cam2_00045,,,False,,,,,,,,,,0,good,1,uint8,True,6000,255.0,197.54352440384199,1.0,0.9999936305732484,rail_mvtec_gt_test\rail_mvtec\cam2\test\good\20251210_185619_Cam2_00045.jpg,True,34.086984800849116,1727,test
cam2,1,uint8,True,,,False,,,,,,,,,,6000,166.0,78.54363339595157,30.0,0.9999957531143828,rail_mvtec_gt_test\rail_mvtec_depth\cam2\test\good\20251210_185619_Cam2_00050.tiff,True,36.11357627631099,1766,20251210_185619_Cam2_00050,,,False,,,,,,,,,,0,good,1,uint8,True,6000,255.0,192.84339174482685,1.0,0.9999975462438656,rail_mvtec_gt_test\rail_mvtec\cam2\test\good\20251210_185619_Cam2_00050.jpg,True,34.27012710709822,1766,test
cam2,1,uint8,True,1,uint8,True,6000,255.0,238.7645788336933,31.0,0.0008382885458357157,rail_mvtec_gt_test\rail_mvtec_depth\cam2\ground_truth\broken\20250417_123456_Cam2_00148.png,True,46.45325504481672,1749,6000,151.0,69.11485746724247,23.0,0.9999707451877263,rail_mvtec_gt_test\rail_mvtec_depth\cam2\test\broken\20250417_123456_Cam2_00148.tiff,True,34.63992116900859,1749,20250417_123456_Cam2_00148,1,uint8,True,6000,255.0,238.7645788336933,31.0,0.0008382885458357157,rail_mvtec_gt_test\rail_mvtec\cam2\ground_truth\broken\20250417_123456_Cam2_00148.png,True,46.45325504481672,1749,1,broken,1,uint8,True,6000,253.0,109.92893657632915,1.0,0.9999804650276348,rail_mvtec_gt_test\rail_mvtec\cam2\test\broken\20250417_123456_Cam2_00148.jpg,True,44.864135286035,1749,test
cam2,1,uint8,True,1,uint8,True,6000,255.0,253.98876183694605,31.0,0.04193756059724646,rail_mvtec_gt_test\rail_mvtec_depth\cam2\ground_truth\broken\20251112_191827_Cam2_00015.png,True,13.187772056416476,1719,6000,169.0,84.70906910071784,35.0,0.9998192747721544,rail_mvtec_gt_test\rail_mvtec_depth\cam2\test\broken\20251112_191827_Cam2_00015.tiff,True,34.3673425918496,1719,20251112_191827_Cam2_00015,1,uint8,True,6000,255.0,253.98876183694605,31.0,0.04193756059724646,rail_mvtec_gt_test\rail_mvtec\cam2\ground_truth\broken\20251112_191827_Cam2_00015.png,True,13.187772056416476,1719,1,broken,1,uint8,True,6000,255.0,103.3344034922042,1.0,0.9998835563312003,rail_mvtec_gt_test\rail_mvtec\cam2\test\broken\20251112_191827_Cam2_00015.jpg,True,34.523260796548044,1719,test
cam2,1,uint8,True,1,uint8,True,6000,255.0,253.98241587239838,31.0,0.034669556840077075,rail_mvtec_gt_test\rail_mvtec_depth\cam2\ground_truth\broken\20251112_191827_Cam2_00029.png,True,12.107613535310723,1730,6000,172.0,85.21090107139172,39.0,0.9999688824662814,rail_mvtec_gt_test\rail_mvtec_depth\cam2\test\broken\20251112_191827_Cam2_00029.tiff,True,34.39623424831838,1730,20251112_191827_Cam2_00029,1,uint8,True,6000,255.0,253.98241587239838,31.0,0.034669556840077075,rail_mvtec_gt_test\rail_mvtec\cam2\ground_truth\broken\20251112_191827_Cam2_00029.png,True,12.107613535310723,1730,1,broken,1,uint8,True,6000,253.0,109.18229358896805,1.0,0.9999817919075145,rail_mvtec_gt_test\rail_mvtec\cam2\test\broken\20251112_191827_Cam2_00029.jpg,True,35.76066205575009,1730,test
cam2,1,uint8,True,1,uint8,True,6000,255.0,254.05402971418718,31.0,0.040386051460630686,rail_mvtec_gt_test\rail_mvtec_depth\cam2\ground_truth\broken\20251112_191827_Cam2_00095.png,True,12.536816040258126,1723,6000,171.0,84.53192616272236,36.0,0.9999085896691816,rail_mvtec_gt_test\rail_mvtec_depth\cam2\test\broken\20251112_191827_Cam2_00095.tiff,True,34.570013222854335,1723,20251112_191827_Cam2_00095,1,uint8,True,6000,255.0,254.05402971418718,31.0,0.040386051460630686,rail_mvtec_gt_test\rail_mvtec\cam2\ground_truth\broken\20251112_191827_Cam2_00095.png,True,12.536816040258126,1723,1,broken,1,uint8,True,6000,255.0,116.02987505297502,1.0,0.9999439930354034,rail_mvtec_gt_test\rail_mvtec\cam2\test\broken\20251112_191827_Cam2_00095.jpg,True,37.89822403487561,1723,test
cam2,1,uint8,True,1,uint8,True,6000,255.0,241.64013114754098,31.0,0.00073120444955888,rail_mvtec_gt_test\rail_mvtec_depth\cam2\ground_truth\broken\20251210_185619_Cam2_00015.png,True,45.1407046435975,1738,6000,169.0,86.62039840574793,41.0,0.9999963559647104,rail_mvtec_gt_test\rail_mvtec_depth\cam2\test\broken\20251210_185619_Cam2_00015.tiff,True,35.04394325099315,1738,20251210_185619_Cam2_00015,1,uint8,True,6000,255.0,241.64013114754098,31.0,0.00073120444955888,rail_mvtec_gt_test\rail_mvtec\cam2\ground_truth\broken\20251210_185619_Cam2_00015.png,True,45.1407046435975,1738,1,broken,1,uint8,True,6000,255.0,193.6832153542341,1.0,0.9999977943996932,rail_mvtec_gt_test\rail_mvtec\cam2\test\broken\20251210_185619_Cam2_00015.jpg,True,35.392259028980405,1738,test
cam2,1,uint8,True,1,uint8,True,6000,255.0,250.80836960823112,31.0,0.0009715494040753557,rail_mvtec_gt_test\rail_mvtec_depth\cam2\ground_truth\broken\20251210_185619_Cam2_00016.png,True,25.173532694307163,1734,6000,168.0,86.01771332591629,40.0,0.9999975970780469,rail_mvtec_gt_test\rail_mvtec_depth\cam2\test\broken\20251210_185619_Cam2_00016.tiff,True,35.1356123639665,1734,20251210_185619_Cam2_00016,1,uint8,True,6000,255.0,250.80836960823112,31.0,0.0009715494040753557,rail_mvtec_gt_test\rail_mvtec\cam2\ground_truth\broken\20251210_185619_Cam2_00016.png,True,25.173532694307163,1734,1,broken,1,uint8,True,6000,255.0,193.6807790169612,1.0,0.99999846212995,rail_mvtec_gt_test\rail_mvtec\cam2\test\broken\20251210_185619_Cam2_00016.jpg,True,35.3067882429966,1734,test
cam2,1,uint8,True,1,uint8,True,6000,255.0,226.229102896162,32.0,0.0004068007662835249,rail_mvtec_gt_test\rail_mvtec_depth\cam2\ground_truth\broken\20251210_185619_Cam2_00028.png,True,64.98834744202318,1740,6000,166.0,83.13293832577472,37.0,0.999997030651341,rail_mvtec_gt_test\rail_mvtec_depth\cam2\test\broken\20251210_185619_Cam2_00028.tiff,True,35.26563462713587,1740,20251210_185619_Cam2_00028,1,uint8,True,6000,255.0,226.229102896162,32.0,0.0004068007662835249,rail_mvtec_gt_test\rail_mvtec\cam2\ground_truth\broken\20251210_185619_Cam2_00028.png,True,64.98834744202318,1740,1,broken,1,uint8,True,6000,255.0,194.16938621314839,1.0,0.9999977011494253,rail_mvtec_gt_test\rail_mvtec\cam2\test\broken\20251210_185619_Cam2_00028.jpg,True,34.3262830676949,1740,test
cam2,1,uint8,True,1,uint8,True,6000,255.0,234.65436397400185,31.0,0.0004131185270425777,rail_mvtec_gt_test\rail_mvtec_depth\cam2\ground_truth\broken\20251210_185619_Cam2_00029.png,True,54.856799202522645,1738,6000,167.0,83.86431574682524,38.0,0.9999976026083621,rail_mvtec_gt_test\rail_mvtec_depth\cam2\test\broken\20251210_185619_Cam2_00029.tiff,True,35.288330761246684,1738,20251210_185619_Cam2_00029,1,uint8,True,6000,255.0,234.65436397400185,31.0,0.0004131185270425777,rail_mvtec_gt_test\rail_mvtec\cam2\ground_truth\broken\20251210_185619_Cam2_00029.png,True,54.856799202522645,1738,1,broken,1,uint8,True,6000,255.0,191.19544199312253,1.0,0.9999979861910242,rail_mvtec_gt_test\rail_mvtec\cam2\test\broken\20251210_185619_Cam2_00029.jpg,True,35.21189727246841,1738,test
cam3,1,uint8,True,,,False,,,,,,,,,,6000,231.0,129.82880668810702,27.0,0.999928600446882,rail_mvtec_gt_test\rail_mvtec_depth\cam3\test\good\20251210_185619_Cam3_00008.tiff,True,57.12011762948918,1641,20251210_185619_Cam3_00008,,,False,,,,,,,,,,0,good,1,uint8,True,6000,251.0,117.47626782796182,1.0,0.99995521023766,rail_mvtec_gt_test\rail_mvtec\cam3\test\good\20251210_185619_Cam3_00008.jpg,True,24.32854768095061,1641,test
cam3,1,uint8,True,,,False,,,,,,,,,,6000,239.0,136.69578418252948,36.0,0.9999070823244552,rail_mvtec_gt_test\rail_mvtec_depth\cam3\test\good\20251210_185619_Cam3_00014.tiff,True,58.08209498056253,1652,20251210_185619_Cam3_00014,,,False,,,,,,,,,,0,good,1,uint8,True,6000,255.0,115.64552203681464,1.0,0.9999432001614205,rail_mvtec_gt_test\rail_mvtec\cam3\test\good\20251210_185619_Cam3_00014.jpg,True,25.75523820140711,1652,test
cam3,1,uint8,True,,,False,,,,,,,,,,6000,254.0,134.0407330102438,33.0,0.9998607099879663,rail_mvtec_gt_test\rail_mvtec_depth\cam3\test\good\20251210_185619_Cam3_00019.tiff,True,57.99750344895151,1662,20251210_185619_Cam3_00019,,,False,,,,,,,,,,0,good,1,uint8,True,6000,252.0,117.68666682980476,1.0,0.9999099478539911,rail_mvtec_gt_test\rail_mvtec\cam3\test\good\20251210_185619_Cam3_00019.jpg,True,26.351203722426778,1662,test
cam3,1,uint8,True,,,False,,,,,,,,,,6000,237.0,133.82679939911597,33.0,0.9999289863782052,rail_mvtec_gt_test\rail_mvtec_depth\cam3\test\good\20251210_185619_Cam3_00023.tiff,True,58.03664075039991,1664,20251210_185619_Cam3_00023,,,False,,,,,,,,,,0,good,1,uint8,True,6000,251.0,117.28948216657828,1.0,0.9999557291666666,rail_mvtec_gt_test\rail_mvtec\cam3\test\good\20251210_185619_Cam3_00023.jpg,True,24.6806669958033,1664,test
cam3,1,uint8,True,,,False,,,,,,,,,,6000,236.0,133.95611413302947,33.0,0.9999557088582284,rail_mvtec_gt_test\rail_mvtec_depth\cam3\test\good\20251210_185619_Cam3_00027.tiff,True,58.416110863443286,1667,20251210_185619_Cam3_00027,,,False,,,,,,,,,,0,good,1,uint8,True,6000,251.0,113.40392810515154,1.0,0.9999718056388722,rail_mvtec_gt_test\rail_mvtec\cam3\test\good\20251210_185619_Cam3_00027.jpg,True,23.874585614630554,1667,test
cam3,1,uint8,True,,,False,,,,,,,,,,6000,235.0,133.44731662983517,33.0,0.9999285571542765,rail_mvtec_gt_test\rail_mvtec_depth\cam3\test\good\20251210_185619_Cam3_00033.tiff,True,58.346809738322385,1668,20251210_185619_Cam3_00033,,,False,,,,,,,,,,0,good,1,uint8,True,6000,251.0,117.44541701015733,1.0,0.999955035971223,rail_mvtec_gt_test\rail_mvtec\cam3\test\good\20251210_185619_Cam3_00033.jpg,True,26.176460266018438,1668,test
cam3,1,uint8,True,,,False,,,,,,,,,,6000,238.0,134.7620457880249,33.0,0.999903003003003,rail_mvtec_gt_test\rail_mvtec_depth\cam3\test\good\20251210_185619_Cam3_00037.tiff,True,58.60791106766343,1665,20251210_185619_Cam3_00037,,,False,,,,,,,,,,0,good,1,uint8,True,6000,251.0,118.88430433119973,1.0,0.999937937937938,rail_mvtec_gt_test\rail_mvtec\cam3\test\good\20251210_185619_Cam3_00037.jpg,True,27.3717811006348,1665,test
cam3,1,uint8,True,1,uint8,True,6000,255.0,241.29929851909586,31.0,0.008782202862476664,rail_mvtec_gt_test\rail_mvtec_depth\cam3\ground_truth\broken\20251210_185619_Cam3_00005.png,True,43.85093975271349,1607,6000,250.0,120.93651613323436,22.0,0.9999862061812902,rail_mvtec_gt_test\rail_mvtec_depth\cam3\test\broken\20251210_185619_Cam3_00005.tiff,True,55.711825223085576,1607,20251210_185619_Cam3_00005,1,uint8,True,6000,255.0,241.29929851909586,31.0,0.008782202862476664,rail_mvtec_gt_test\rail_mvtec\cam3\ground_truth\broken\20251210_185619_Cam3_00005.png,True,43.85093975271349,1607,1,broken,1,uint8,True,6000,252.0,111.36615759070243,1.0,0.9999910806886538,rail_mvtec_gt_test\rail_mvtec\cam3\test\broken\20251210_185619_Cam3_00005.jpg,True,23.479552032222674,1607,test
cam3,1,uint8,True,1,uint8,True,6000,255.0,238.36901309429652,31.0,0.0011772191185599006,rail_mvtec_gt_test\rail_mvtec_depth\cam3\ground_truth\broken\20251210_185619_Cam3_00006.png,True,48.97631882997746,1611,6000,252.0,123.92007793055899,24.0,0.9999511690461411,rail_mvtec_gt_test\rail_mvtec_depth\cam3\test\broken\20251210_185619_Cam3_00006.tiff,True,56.009580637364685,1611,20251210_185619_Cam3_00006,1,uint8,True,6000,255.0,238.36901309429652,31.0,0.0011772191185599006,rail_mvtec_gt_test\rail_mvtec\cam3\ground_truth\broken\20251210_185619_Cam3_00006.png,True,48.97631882997746,1611,1,broken,1,uint8,True,6000,252.0,115.51242729316787,1.0,0.9999690668321953,rail_mvtec_gt_test\rail_mvtec\cam3\test\broken\20251210_185619_Cam3_00006.jpg,True,23.103853050368194,1611,test
cam3,1,uint8,True,1,uint8,True,6000,255.0,252.70191648616785,31.0,0.003679681194511703,rail_mvtec_gt_test\rail_mvtec_depth\cam3\ground_truth\broken\20251210_185619_Cam3_00009.png,True,19.448448030182394,1652,6000,243.0,134.44311067967317,32.0,0.9999034503631962,rail_mvtec_gt_test\rail_mvtec_depth\cam3\test\broken\20251210_185619_Cam3_00009.tiff,True,57.45188328265869,1652,20251210_185619_Cam3_00009,1,uint8,True,6000,255.0,252.70191648616785,31.0,0.003679681194511703,rail_mvtec_gt_test\rail_mvtec\cam3\ground_truth\broken\20251210_185619_Cam3_00009.png,True,19.448448030182394,1652,1,broken,1,uint8,True,6000,251.0,123.13053297012797,1.0,0.9999375504439064,rail_mvtec_gt_test\rail_mvtec\cam3\test\broken\20251210_185619_Cam3_00009.jpg,True,26.124927193113876,1652,test
cam3,1,uint8,True,1,uint8,True,6000,255.0,245.3003203352682,31.0,0.004173602734217933,rail_mvtec_gt_test\rail_mvtec_depth\cam3\ground_truth\broken\20251210_185619_Cam3_00012.png,True,37.7919383015244,1658,6000,242.0,138.95566591559196,37.0,0.9998628870124648,rail_mvtec_gt_test\rail_mvtec_depth\cam3\test\broken\20251210_185619_Cam3_00012.tiff,True,58.27444138703648,1658,20251210_185619_Cam3_00012,1,uint8,True,6000,255.0,245.3003203352682,31.0,0.004173602734217933,rail_mvtec_gt_test\rail_mvtec\cam3\ground_truth\broken\20251210_185619_Cam3_00012.png,True,37.7919383015244,1658,1,broken,1,uint8,True,6000,252.0,122.56174689650486,1.0,0.9999167671893848,rail_mvtec_gt_test\rail_mvtec\cam3\test\broken\20251210_185619_Cam3_00012.jpg,True,26.864990735149046,1658,test
cam3,1,uint8,True,1,uint8,True,6000,255.0,237.32487070992008,31.0,0.00021329723225030085,rail_mvtec_gt_test\rail_mvtec_depth\cam3\ground_truth\broken\20251210_185619_Cam3_00040.png,True,51.53678040057505,1662,6000,240.0,134.85253461397926,32.0,0.9998171881267549,rail_mvtec_gt_test\rail_mvtec_depth\cam3\test\broken\20251210_185619_Cam3_00040.tiff,True,58.746637679661916,1662,20251210_185619_Cam3_00040,1,uint8,True,6000,255.0,237.32487070992008,31.0,0.00021329723225030085,rail_mvtec_gt_test\rail_mvtec\cam3\ground_truth\broken\20251210_185619_Cam3_00040.png,True,51.53678040057505,1662,1,broken,1,uint8,True,6000,252.0,125.19805800140449,1.0,0.9998858804653028,rail_mvtec_gt_test\rail_mvtec\cam3\test\broken\20251210_185619_Cam3_00040.jpg,True,28.753685697565498,1662,test
cam4,1,uint8,True,,,False,,,,,,,,,,6000,162.0,154.59009473728923,132.0,0.9999992800575954,rail_mvtec_gt_test\rail_mvtec_depth\cam4\test\good\20250417_123456_Cam4_00079.tiff,True,6.460794339696464,926,20250417_123456_Cam4_00079,,,False,,,,,,,,,,0,good,1,uint8,True,6000,255.0,143.55114148709197,1.0,0.9999996400287977,rail_mvtec_gt_test\rail_mvtec\cam4\test\good\20250417_123456_Cam4_00079.jpg,True,37.572616361687174,926,test
cam4,1,uint8,True,,,False,,,,,,,,,,6000,163.0,154.89926931699566,133.0,0.9999983766233767,rail_mvtec_gt_test\rail_mvtec_depth\cam4\test\good\20250417_123456_Cam4_00134.tiff,True,6.5749086323392305,924,20250417_123456_Cam4_00134,,,False,,,,,,,,,,0,good,1,uint8,True,6000,255.0,160.1756986345401,1.0,0.9999987373737373,rail_mvtec_gt_test\rail_mvtec\cam4\test\good\20250417_123456_Cam4_00134.jpg,True,35.56521076844364,924,test
cam4,1,uint8,True,,,False,,,,,,,,,,6000,159.0,151.22800312262112,129.0,0.9999989212513485,rail_mvtec_gt_test\rail_mvtec_depth\cam4\test\good\20250417_123456_Cam4_00152.tiff,True,6.571687123414592,927,20250417_123456_Cam4_00152,,,False,,,,,,,,,,0,good,1,uint8,True,6000,255.0,145.38452864206613,40.0,0.9999989212513485,rail_mvtec_gt_test\rail_mvtec\cam4\test\good\20250417_123456_Cam4_00152.jpg,True,33.71237326975966,927,test
cam4,1,uint8,True,,,False,,,,,,,,,,6000,152.0,145.26654413030158,124.0,0.9999989130434782,rail_mvtec_gt_test\rail_mvtec_depth\cam4\test\good\20251112_191827_Cam4_00034.tiff,True,6.39932471337283,920,20251112_191827_Cam4_00034,,,False,,,,,,,,,,0,good,1,uint8,True,6000,255.0,216.78353969821717,1.0,0.9999992753623188,rail_mvtec_gt_test\rail_mvtec\cam4\test\good\20251112_191827_Cam4_00034.jpg,True,31.99773731715256,920,test
cam4,1,uint8,True,,,False,,,,,,,,,,6000,152.0,145.44690748997422,125.0,0.9999990961677513,rail_mvtec_gt_test\rail_mvtec_depth\cam4\test\good\20251112_191827_Cam4_00063.tiff,True,6.39732214333587,922,20251112_191827_Cam4_00063,,,False,,,,,,,,,,0,good,1,uint8,True,6000,255.0,216.37688175784686,50.0,0.9999990961677513,rail_mvtec_gt_test\rail_mvtec\cam4\test\good\20251112_191827_Cam4_00063.jpg,True,33.234034491381585,922,test
cam4,1,uint8,True,,,False,,,,,,,,,,6000,153.0,146.3314866657377,126.0,0.9999981903727833,rail_mvtec_gt_test\rail_mvtec_depth\cam4\test\good\20251112_191827_Cam4_00066.tiff,True,6.340251113134515,921,20251112_191827_Cam4_00066,,,False,,,,,,,,,,0,good,1,uint8,True,6000,255.0,221.98237131317393,1.0,0.9999987332609482,rail_mvtec_gt_test\rail_mvtec\cam4\test\good\20251112_191827_Cam4_00066.jpg,True,30.59931259091944,921,test
cam4,1,uint8,True,,,False,,,,,,,,,,6000,156.0,147.68311204943822,127.0,0.9999974883387155,rail_mvtec_gt_test\rail_mvtec_depth\cam4\test\good\20251210_185619_Cam4_00034.tiff,True,6.4520000684506185,929,20251210_185619_Cam4_00034,,,False,,,,,,,,,,0,good,1,uint8,True,6000,255.0,223.26076678976216,2.0,0.9999985647649803,rail_mvtec_gt_test\rail_mvtec\cam4\test\good\20251210_185619_Cam4_00034.jpg,True,29.204280819817004,929,test
cam4,1,uint8,True,,,False,,,,,,,,,,6000,154.0,142.46273179695,121.0,0.9999964041711614,rail_mvtec_gt_test\rail_mvtec_depth\cam4\test\good\20251210_185619_Cam4_00046.tiff,True,6.694428175926862,927,20251210_185619_Cam4_00046,,,False,,,,,,,,,,0,good,1,uint8,True,6000,255.0,208.3893593346114,1.0,0.9999969435454872,rail_mvtec_gt_test\rail_mvtec\cam4\test\good\20251210_185619_Cam4_00046.jpg,True,33.698280686584425,927,test
cam4,1,uint8,True,1,uint8,True,6000,255.0,234.70630336514316,31.0,0.001434954954954955,rail_mvtec_gt_test\rail_mvtec_depth\cam4\ground_truth\broken\20250417_123456_Cam4_00140.png,True,54.74728485359953,925,6000,167.0,155.35302421839583,134.0,0.9999992792792792,rail_mvtec_gt_test\rail_mvtec_depth\cam4\test\broken\20250417_123456_Cam4_00140.tiff,True,6.513130885681542,925,20250417_123456_Cam4_00140,1,uint8,True,6000,255.0,234.70630336514316,31.0,0.001434954954954955,rail_mvtec_gt_test\rail_mvtec\cam4\ground_truth\broken\20250417_123456_Cam4_00140.png,True,54.74728485359953,925,1,broken,1,uint8,True,6000,255.0,176.20520638025454,2.0,0.9999996396396397,rail_mvtec_gt_test\rail_mvtec\cam4\test\broken\20250417_123456_Cam4_00140.jpg,True,38.60461593814846,925,test
cam4,1,uint8,True,1,uint8,True,6000,255.0,252.27923443447708,31.0,0.006776154401154401,rail_mvtec_gt_test\rail_mvtec_depth\cam4\ground_truth\broken\20250417_123456_Cam4_00162.png,True,21.45406893301061,924,6000,177.0,167.68469994184696,146.0,0.999998556998557,rail_mvtec_gt_test\rail_mvtec_depth\cam4\test\broken\20250417_123456_Cam4_00162.tiff,True,6.728157836162133,924,20250417_123456_Cam4_00162,1,uint8,True,6000,255.0,252.27923443447708,31.0,0.006776154401154401,rail_mvtec_gt_test\rail_mvtec\cam4\ground_truth\broken\20250417_123456_Cam4_00162.png,True,21.45406893301061,924,1,broken,1,uint8,True,6000,255.0,161.9650124080221,1.0,0.9999989177489178,rail_mvtec_gt_test\rail_mvtec\cam4\test\broken\20250417_123456_Cam4_00162.jpg,True,37.83662732404963,924,test
cam4,1,uint8,True,1,uint8,True,6000,255.0,248.40914064472688,32.0,0.0021453593355001805,rail_mvtec_gt_test\rail_mvtec_depth\cam4\ground_truth\broken\20251112_191827_Cam4_00011.png,True,32.007098477429324,923,6000,148.0,140.40081477185234,120.0,0.9999985554351751,rail_mvtec_gt_test\rail_mvtec_depth\cam4\test\broken\20251112_191827_Cam4_00011.tiff,True,6.7051668886223705,923,20251112_191827_Cam4_00011,1,uint8,True,6000,255.0,248.40914064472688,32.0,0.0021453593355001805,rail_mvtec_gt_test\rail_mvtec\cam4\ground_truth\broken\20251112_191827_Cam4_00011.png,True,32.007098477429324,923,1,broken,1,uint8,True,6000,255.0,205.44316229191932,1.0,0.9999992777175876,rail_mvtec_gt_test\rail_mvtec\cam4\test\broken\20251112_191827_Cam4_00011.jpg,True,38.26003390743919,923,test
cam4,1,uint8,True,1,uint8,True,6000,255.0,254.57449278861517,31.0,0.050910701373825015,rail_mvtec_gt_test\rail_mvtec_depth\cam4\ground_truth\broken\20251112_191827_Cam4_00015.png,True,7.355002016064551,922,6000,156.0,139.93109218236532,117.0,0.9999316702819957,rail_mvtec_gt_test\rail_mvtec_depth\cam4\test\broken\20251112_191827_Cam4_00015.tiff,True,6.841399914908836,922,20251112_191827_Cam4_00015,1,uint8,True,6000,255.0,254.57449278861517,31.0,0.050910701373825015,rail_mvtec_gt_test\rail_mvtec\cam4\ground_truth\broken\20251112_191827_Cam4_00015.png,True,7.355002016064551,922,1,broken,1,uint8,True,6000,255.0,178.49737389185358,1.0,0.9999566160520608,rail_mvtec_gt_test\rail_mvtec\cam4\test\broken\20251112_191827_Cam4_00015.jpg,True,58.44861126340383,922,test
cam4,1,uint8,True,1,uint8,True,6000,255.0,254.10648714372564,31.0,0.050547722342733185,rail_mvtec_gt_test\rail_mvtec_depth\cam4\ground_truth\broken\20251112_191827_Cam4_00028.png,True,12.077299361297383,922,6000,159.0,143.05464994828228,121.0,0.9999916847433117,rail_mvtec_gt_test\rail_mvtec_depth\cam4\test\broken\20251112_191827_Cam4_00028.tiff,True,6.994172729718322,922,20251112_191827_Cam4_00028,1,uint8,True,6000,255.0,254.10648714372564,31.0,0.050547722342733185,rail_mvtec_gt_test\rail_mvtec\cam4\ground_truth\broken\20251112_191827_Cam4_00028.png,True,12.077299361297383,922,1,broken,1,uint8,True,6000,255.0,189.94017983486515,1.0,0.9999934924078091,rail_mvtec_gt_test\rail_mvtec\cam4\test\broken\20251112_191827_Cam4_00028.jpg,True,46.660296746070024,922,test
cam4,1,uint8,True,1,uint8,True,6000,255.0,243.80083229296713,31.0,0.0021742671009771985,rail_mvtec_gt_test\rail_mvtec_depth\cam4\ground_truth\broken\20251112_191827_Cam4_00054.png,True,43.34336808010459,921,6000,152.0,145.03632543013552,125.0,0.9999983713355048,rail_mvtec_gt_test\rail_mvtec_depth\cam4\test\broken\20251112_191827_Cam4_00054.tiff,True,6.402207380732025,921,20251112_191827_Cam4_00054,1,uint8,True,6000,255.0,243.80083229296713,31.0,0.0021742671009771985,rail_mvtec_gt_test\rail_mvtec\cam4\ground_truth\broken\20251112_191827_Cam4_00054.png,True,43.34336808010459,921,1,broken,1,uint8,True,6000,255.0,223.67391803176045,1.0,0.9999989142236699,rail_mvtec_gt_test\rail_mvtec\cam4\test\broken\20251112_191827_Cam4_00054.jpg,True,30.010700706342398,921,test
cam4,1,uint8,True,1,uint8,True,6000,255.0,251.70691672210225,31.0,0.054983603603603604,rail_mvtec_gt_test\rail_mvtec_depth\cam4\ground_truth\broken\20251112_191827_Cam4_00088.png,True,23.157622312825296,925,6000,155.0,146.63806617587971,126.0,0.9999996396396397,rail_mvtec_gt_test\rail_mvtec_depth\cam4\test\broken\20251112_191827_Cam4_00088.tiff,True,6.624506341815395,925,20251112_191827_Cam4_00088,1,uint8,True,6000,255.0,251.70691672210225,31.0,0.054983603603603604,rail_mvtec_gt_test\rail_mvtec\cam4\ground_truth\broken\20251112_191827_Cam4_00088.png,True,23.157622312825296,925,1,broken,1,uint8,True,6000,255.0,216.38107387387387,1.0,1.0,rail_mvtec_gt_test\rail_mvtec\cam4\test\broken\20251112_191827_Cam4_00088.jpg,True,31.13116980927061,925,test
cam4,1,uint8,True,1,uint8,True,6000,255.0,254.28456876853863,31.0,0.050837662337662334,rail_mvtec_gt_test\rail_mvtec_depth\cam4\ground_truth\broken\20251112_191827_Cam4_00095.png,True,10.647018770270105,924,6000,159.0,141.63764125867124,118.0,0.9999034992784993,rail_mvtec_gt_test\rail_mvtec_depth\cam4\test\broken\20251112_191827_Cam4_00095.tiff,True,6.876727862153298,924,20251112_191827_Cam4_00095,1,uint8,True,6000,255.0,254.28456876853863,31.0,0.050837662337662334,rail_mvtec_gt_test\rail_mvtec\cam4\ground_truth\broken\20251112_191827_Cam4_00095.png,True,10.647018770270105,924,1,broken,1,uint8,True,6000,255.0,190.23688754849474,1.0,0.999935606060606,rail_mvtec_gt_test\rail_mvtec\cam4\test\broken\20251112_191827_Cam4_00095.jpg,True,52.82925645683587,924,test
cam4,1,uint8,True,1,uint8,True,6000,255.0,252.8115915664623,31.0,0.00988331535418914,rail_mvtec_gt_test\rail_mvtec_depth\cam4\ground_truth\broken\20251210_185619_Cam4_00022.png,True,17.061607890393304,927,6000,155.0,148.74215419212896,128.0,0.9999969435454872,rail_mvtec_gt_test\rail_mvtec_depth\cam4\test\broken\20251210_185619_Cam4_00022.tiff,True,6.403400239831562,927,20251210_185619_Cam4_00022,1,uint8,True,6000,255.0,252.8115915664623,31.0,0.00988331535418914,rail_mvtec_gt_test\rail_mvtec\cam4\ground_truth\broken\20251210_185619_Cam4_00022.png,True,17.061607890393304,927,1,broken,1,uint8,True,6000,255.0,217.3257406657942,1.0,0.9999980222941388,rail_mvtec_gt_test\rail_mvtec\cam4\test\broken\20251210_185619_Cam4_00022.jpg,True,28.935944384774963,927,test
cam4,1,uint8,True,1,uint8,True,6000,255.0,246.96913650939075,31.0,0.0031331180480803733,rail_mvtec_gt_test\rail_mvtec_depth\cam4\ground_truth\broken\20251210_185619_Cam4_00024.png,True,37.50914559769081,929,6000,159.0,147.55046472154652,127.0,0.9999969501255831,rail_mvtec_gt_test\rail_mvtec_depth\cam4\test\broken\20251210_185619_Cam4_00024.tiff,True,6.463592176285073,929,20251210_185619_Cam4_00024,1,uint8,True,6000,255.0,246.96913650939075,31.0,0.0031331180480803733,rail_mvtec_gt_test\rail_mvtec\cam4\ground_truth\broken\20251210_185619_Cam4_00024.png,True,37.50914559769081,929,1,broken,1,uint8,True,6000,255.0,219.0324204084364,1.0,0.9999980265518479,rail_mvtec_gt_test\rail_mvtec\cam4\test\broken\20251210_185619_Cam4_00024.jpg,True,29.05226383338527,929,test
cam5,1,uint8,True,,,False,,,,,,,,,,6000,254.0,92.01271123750385,46.0,0.9999965021743241,rail_mvtec_gt_test\rail_mvtec_depth\cam5\test\good\20251112_191827_Cam5_00006.tiff,True,35.162938273222316,1763,20251112_191827_Cam5_00006,,,False,,,,,,,,,,0,good,1,uint8,True,6000,255.0,175.00793459995887,1.0,0.999997636604273,rail_mvtec_gt_test\rail_mvtec\cam5\test\good\20251112_191827_Cam5_00006.jpg,True,45.58916770545237,1763,test
cam5,1,uint8,True,,,False,,,,,,,,,,6000,165.0,83.65779019007846,38.0,0.9999952705259175,rail_mvtec_gt_test\rail_mvtec_depth\cam5\test\good\20251112_191827_Cam5_00012.tiff,True,34.43767023259688,1762,20251112_191827_Cam5_00012,,,False,,,,,,,,,,0,good,1,uint8,True,6000,255.0,185.47997684440728,1.0,0.999996216420734,rail_mvtec_gt_test\rail_mvtec\cam5\test\good\20251112_191827_Cam5_00012.jpg,True,43.4907463544335,1762,test
cam5,1,uint8,True,,,False,,,,,,,,,,6000,246.0,88.66897551342797,43.0,0.9999975476325221,rail_mvtec_gt_test\rail_mvtec_depth\cam5\test\good\20251112_191827_Cam5_00022.tiff,True,34.356176489486565,1767,20251112_191827_Cam5_00022,,,False,,,,,,,,,,0,good,1,uint8,True,6000,255.0,162.25678458174795,1.0,0.9999981135634786,rail_mvtec_gt_test\rail_mvtec\cam5\test\good\20251112_191827_Cam5_00022.jpg,True,43.69606497866362,1767,test
cam5,1,uint8,True,,,False,,,,,,,,,,6000,168.0,87.38647435884157,42.0,0.9999922787193973,rail_mvtec_gt_test\rail_mvtec_depth\cam5\test\good\20251112_191827_Cam5_00033.tiff,True,34.31578495399617,1770,20251112_191827_Cam5_00033,,,False,,,,,,,,,,0,good,1,uint8,True,6000,255.0,166.11031982259803,1.0,0.9999952919020716,rail_mvtec_gt_test\rail_mvtec\cam5\test\good\20251112_191827_Cam5_00033.jpg,True,46.355532883501475,1770,test
cam5,1,uint8,True,,,False,,,,,,,,,,6000,248.0,88.92412917504713,43.0,0.9999853355893965,rail_mvtec_gt_test\rail_mvtec_depth\cam5\test\good\20251112_191827_Cam5_00036.tiff,True,34.46142807354815,1773,20251112_191827_Cam5_00036,,,False,,,,,,,,,,0,good,1,uint8,True,6000,255.0,163.101179951152,1.0,0.9999904117315285,rail_mvtec_gt_test\rail_mvtec\cam5\test\good\20251112_191827_Cam5_00036.jpg,True,45.75728706582104,1773,test
cam5,1,uint8,True,,,False,,,,,,,,,,6000,246.0,88.51806626275327,43.0,0.9999936911487759,rail_mvtec_gt_test\rail_mvtec_depth\cam5\test\good\20251112_191827_Cam5_00040.tiff,True,34.387652224874884,1770,20251112_191827_Cam5_00040,,,False,,,,,,,,,,0,good,1,uint8,True,6000,255.0,166.30480057499292,1.0,0.9999959510357815,rail_mvtec_gt_test\rail_mvtec\cam5\test\good\20251112_191827_Cam5_00040.jpg,True,47.97237752267879,1770,test
cam5,1,uint8,True,,,False,,,,,,,,,,6000,244.0,87.40337107497811,42.0,0.9999932241671372,rail_mvtec_gt_test\rail_mvtec_depth\cam5\test\good\20251112_191827_Cam5_00046.tiff,True,34.31355872376789,1771,20251112_191827_Cam5_00046,,,False,,,,,,,,,,0,good,1,uint8,True,6000,255.0,162.52622393400466,1.0,0.9999963297571993,rail_mvtec_gt_test\rail_mvtec\cam5\test\good\20251112_191827_Cam5_00046.jpg,True,48.55851803767933,1771,test
cam5,1,uint8,True,1,uint8,True,6000,255.0,247.73140528880722,31.0,0.0011806262969251086,rail_mvtec_gt_test\rail_mvtec_depth\cam5\ground_truth\broken\20251112_191827_Cam5_00007.png,True,33.67620822547977,1767,6000,255.0,90.80069955002651,44.0,0.999996038483305,rail_mvtec_gt_test\rail_mvtec_depth\cam5\test\broken\20251112_191827_Cam5_00007.tiff,True,35.40453170892139,1767,20251112_191827_Cam5_00007,1,uint8,True,6000,255.0,247.73140528880722,31.0,0.0011806262969251086,rail_mvtec_gt_test\rail_mvtec\cam5\ground_truth\broken\20251112_191827_Cam5_00007.png,True,33.67620822547977,1767,1,broken,1,uint8,True,6000,255.0,170.05056049473055,1.0,0.9999974533106961,rail_mvtec_gt_test\rail_mvtec\cam5\test\broken\20251112_191827_Cam5_00007.jpg,True,44.52945986316559,1767,test
cam5,1,uint8,True,1,uint8,True,6000,255.0,254.3053699924072,31.0,0.04062167515563101,rail_mvtec_gt_test\rail_mvtec_depth\cam5\ground_truth\broken\20251112_191827_Cam5_00015.png,True,10.198362288345681,1767,6000,247.0,86.4392246478116,39.0,0.9998924731182796,rail_mvtec_gt_test\rail_mvtec_depth\cam5\test\broken\20251112_191827_Cam5_00015.tiff,True,34.31474232371868,1767,20251112_191827_Cam5_00015,1,uint8,True,6000,255.0,254.3053699924072,31.0,0.04062167515563101,rail_mvtec_gt_test\rail_mvtec\cam5\ground_truth\broken\20251112_191827_Cam5_00015.png,True,10.198362288345681,1767,1,broken,1,uint8,True,6000,255.0,156.87464218936623,1.0,0.999931899641577,rail_mvtec_gt_test\rail_mvtec\cam5\test\broken\20251112_191827_Cam5_00015.jpg,True,41.62391157559638,1767,test
cam5,1,uint8,True,1,uint8,True,6000,255.0,245.51647655259822,31.0,0.0002976796830786644,rail_mvtec_gt_test\rail_mvtec_depth\cam5\ground_truth\broken\20251112_191827_Cam5_00018.png,True,37.57419421263133,1767,6000,255.0,89.3534008998387,40.0,0.9999905678173929,rail_mvtec_gt_test\rail_mvtec_depth\cam5\test\broken\20251112_191827_Cam5_00018.tiff,True,34.73621802067507,1767,20251112_191827_Cam5_00018,1,uint8,True,6000,255.0,245.51647655259822,31.0,0.0002976796830786644,rail_mvtec_gt_test\rail_mvtec\cam5\ground_truth\broken\20251112_191827_Cam5_00018.png,True,37.57419421263133,1767,1,broken,1,uint8,True,6000,255.0,158.65360883513856,1.0,0.9999942463686097,rail_mvtec_gt_test\rail_mvtec\cam5\test\broken\20251112_191827_Cam5_00018.jpg,True,46.1578240599221,1767,test
cam5,1,uint8,True,1,uint8,True,6000,255.0,254.14209704096032,31.0,0.034859574868322044,rail_mvtec_gt_test\rail_mvtec_depth\cam5\ground_truth\broken\20251112_191827_Cam5_00028.png,True,10.536595687747388,1772,6000,247.0,85.88845620124033,40.0,0.9998788562829195,rail_mvtec_gt_test\rail_mvtec_depth\cam5\test\broken\20251112_191827_Cam5_00028.tiff,True,34.51265542984593,1772,20251112_191827_Cam5_00028,1,uint8,True,6000,255.0,254.14209704096032,31.0,0.034859574868322044,rail_mvtec_gt_test\rail_mvtec\cam5\ground_truth\broken\20251112_191827_Cam5_00028.png,True,10.536595687747388,1772,1,broken,1,uint8,True,6000,255.0,161.6918598307398,1.0,0.9999251316779534,rail_mvtec_gt_test\rail_mvtec\cam5\test\broken\20251112_191827_Cam5_00028.jpg,True,42.59303340481728,1772,test
cam5,1,uint8,True,1,uint8,True,6000,255.0,244.31566916043226,31.0,0.00045336348219332957,rail_mvtec_gt_test\rail_mvtec_depth\cam5\ground_truth\broken\20251112_191827_Cam5_00067.png,True,38.785927753731045,1769,6000,245.0,88.13945256094094,42.0,0.9999658941021292,rail_mvtec_gt_test\rail_mvtec_depth\cam5\test\broken\20251112_191827_Cam5_00067.tiff,True,34.37506302356969,1769,20251112_191827_Cam5_00067,1,uint8,True,6000,255.0,244.31566916043226,31.0,0.00045336348219332957,rail_mvtec_gt_test\rail_mvtec\cam5\ground_truth\broken\20251112_191827_Cam5_00067.png,True,38.785927753731045,1769,1,broken,1,uint8,True,6000,255.0,158.54070256878686,1.0,0.9999778594309403,rail_mvtec_gt_test\rail_mvtec\cam5\test\broken\20251112_191827_Cam5_00067.jpg,True,46.60238660600871,1769,test
cam5,1,uint8,True,1,uint8,True,6000,255.0,253.93045891652093,31.0,0.03854399323181049,rail_mvtec_gt_test\rail_mvtec_depth\cam5\ground_truth\broken\20251112_191827_Cam5_00095.png,True,13.466128028322364,1773,6000,248.0,85.5098681337587,39.0,0.9998980071442001,rail_mvtec_gt_test\rail_mvtec_depth\cam5\test\broken\20251112_191827_Cam5_00095.tiff,True,34.676564517883435,1773,20251112_191827_Cam5_00095,1,uint8,True,6000,255.0,253.93045891652093,31.0,0.03854399323181049,rail_mvtec_gt_test\rail_mvtec\cam5\ground_truth\broken\20251112_191827_Cam5_00095.png,True,13.466128028322364,1773,1,broken,1,uint8,True,6000,255.0,157.42175091622957,1.0,0.9999384282759918,rail_mvtec_gt_test\rail_mvtec\cam5\test\broken\20251112_191827_Cam5_00095.jpg,True,42.52214914682327,1773,test
cam5,1,uint8,True,1,uint8,True,6000,255.0,245.66053026513256,31.0,0.0009384976525821596,rail_mvtec_gt_test\rail_mvtec_depth\cam5\ground_truth\broken\20251112_191827_Cam5_00123.png,True,36.410487221524704,1775,6000,243.0,87.55728093057574,41.0,0.9999927699530516,rail_mvtec_gt_test\rail_mvtec_depth\cam5\test\broken\20251112_191827_Cam5_00123.tiff,True,34.33205471938331,1775,20251112_191827_Cam5_00123,1,uint8,True,6000,255.0,245.66053026513256,31.0,0.0009384976525821596,rail_mvtec_gt_test\rail_mvtec\cam5\ground_truth\broken\20251112_191827_Cam5_00123.png,True,36.410487221524704,1775,1,broken,1,uint8,True,6000,255.0,163.51935460336094,1.0,0.9999950234741785,rail_mvtec_gt_test\rail_mvtec\cam5\test\broken\20251112_191827_Cam5_00123.jpg,True,46.80011735727721,1775,test
cam6,1,uint8,True,,,False,,,,,,,,,,6000,189.0,101.45142835965609,53.0,0.9999571206829647,rail_mvtec_gt_test\rail_mvtec_depth\cam6\test\good\20251112_191827_Cam6_00006.tiff,True,36.659585203745166,1718,20251112_191827_Cam6_00006,,,False,,,,,,,,,,0,good,1,uint8,True,6000,254.0,80.70924776264432,1.0,0.9999712844392705,rail_mvtec_gt_test\rail_mvtec\cam6\test\good\20251112_191827_Cam6_00006.jpg,True,26.11445218974108,1718,test
cam6,1,uint8,True,,,False,,,,,,,,,,6000,190.0,105.25033807440377,57.0,0.9999466864490604,rail_mvtec_gt_test\rail_mvtec_depth\cam6\test\good\20251112_191827_Cam6_00009.tiff,True,35.9459405505904,1685,20251112_191827_Cam6_00009,,,False,,,,,,,,,,0,good,1,uint8,True,6000,255.0,82.86806719048323,1.0,0.9999649851632048,rail_mvtec_gt_test\rail_mvtec\cam6\test\good\20251112_191827_Cam6_00009.jpg,True,25.96857682406294,1685,test
cam6,1,uint8,True,,,False,,,,,,,,,,6000,191.0,109.39600109200308,61.0,0.9999360289680145,rail_mvtec_gt_test\rail_mvtec_depth\cam6\test\good\20251112_191827_Cam6_00012.tiff,True,34.448810220681494,1657,20251112_191827_Cam6_00012,,,False,,,,,,,,,,0,good,1,uint8,True,6000,255.0,86.0157358160487,1.0,0.9999585596459465,rail_mvtec_gt_test\rail_mvtec\cam6\test\good\20251112_191827_Cam6_00012.jpg,True,27.789435857284253,1657,test
cam6,1,uint8,True,,,False,,,,,,,,,,6000,192.0,110.63273610132107,65.0,0.9999302114803625,rail_mvtec_gt_test\rail_mvtec_depth\cam6\test\good\20251112_191827_Cam6_00014.tiff,True,34.55525803586092,1655,20251112_191827_Cam6_00014,,,False,,,,,,,,,,0,good,1,uint8,True,6000,254.0,86.96446953815365,1.0,0.9999532729103726,rail_mvtec_gt_test\rail_mvtec\cam6\test\good\20251112_191827_Cam6_00014.jpg,True,25.950965334550496,1655,test
cam6,1,uint8,True,,,False,,,,,,,,,,6000,204.0,109.728823143948,59.0,0.9999327572506953,rail_mvtec_gt_test\rail_mvtec_depth\cam6\test\good\20251112_191827_Cam6_00019.tiff,True,35.667666811738876,1678,20251112_191827_Cam6_00019,,,False,,,,,,,,,,0,good,1,uint8,True,6000,255.0,80.14503984970368,1.0,0.9999580850218515,rail_mvtec_gt_test\rail_mvtec\cam6\test\good\20251112_191827_Cam6_00019.jpg,True,25.393151012581633,1678,test
cam6,1,uint8,True,,,False,,,,,,,,,,6000,192.0,107.91935291137138,60.0,0.9999373261819626,rail_mvtec_gt_test\rail_mvtec_depth\cam6\test\good\20251112_191827_Cam6_00022.tiff,True,35.86076990168539,1678,20251112_191827_Cam6_00022,,,False,,,,,,,,,,0,good,1,uint8,True,6000,255.0,79.58634217548075,1.0,0.9999579856972587,rail_mvtec_gt_test\rail_mvtec\cam6\test\good\20251112_191827_Cam6_00022.jpg,True,22.98110205943306,1678,test
cam6,1,uint8,True,,,False,,,,,,,,,,6000,195.0,109.1402623357315,56.0,0.9999468339307049,rail_mvtec_gt_test\rail_mvtec_depth\cam6\test\good\20251112_191827_Cam6_00025.tiff,True,36.0791592422985,1674,20251112_191827_Cam6_00025,,,False,,,,,,,,,,0,good,1,uint8,True,6000,255.0,78.8798995902484,1.0,0.9999647550776583,rail_mvtec_gt_test\rail_mvtec\cam6\test\good\20251112_191827_Cam6_00025.jpg,True,22.057138298308185,1674,test
cam6,1,uint8,True,1,uint8,True,6000,255.0,254.13355837174385,31.0,0.038342592592592595,rail_mvtec_gt_test\rail_mvtec_depth\cam6\ground_truth\broken\20251112_191827_Cam6_00015.png,True,11.465401226659539,1656,6000,197.0,110.90864173272337,65.0,0.999813003220612,rail_mvtec_gt_test\rail_mvtec_depth\cam6\test\broken\20251112_191827_Cam6_00015.tiff,True,34.899523340278186,1656,20251112_191827_Cam6_00015,1,uint8,True,6000,255.0,254.13355837174385,31.0,0.038342592592592595,rail_mvtec_gt_test\rail_mvtec\cam6\ground_truth\broken\20251112_191827_Cam6_00015.png,True,11.465401226659539,1656,1,broken,1,uint8,True,6000,255.0,81.51921754071283,1.0,0.9998822463768116,rail_mvtec_gt_test\rail_mvtec\cam6\test\broken\20251112_191827_Cam6_00015.jpg,True,24.88286064357374,1656,test
cam6,1,uint8,True,1,uint8,True,6000,255.0,244.20362933214338,31.0,0.0006713600958657879,rail_mvtec_gt_test\rail_mvtec_depth\cam6\ground_truth\broken\20251112_191827_Cam6_00026.png,True,38.473687586945694,1669,6000,195.0,108.10745849183549,59.0,0.9999272019173158,rail_mvtec_gt_test\rail_mvtec_depth\cam6\test\broken\20251112_191827_Cam6_00026.tiff,True,35.855064628575505,1669,20251112_191827_Cam6_00026,1,uint8,True,6000,255.0,244.20362933214338,31.0,0.0006713600958657879,rail_mvtec_gt_test\rail_mvtec\cam6\ground_truth\broken\20251112_191827_Cam6_00026.png,True,38.473687586945694,1669,1,broken,1,uint8,True,6000,255.0,83.68357053413847,1.0,0.9999527661274216,rail_mvtec_gt_test\rail_mvtec\cam6\test\broken\20251112_191827_Cam6_00026.jpg,True,26.163479842353137,1669,test
cam6,1,uint8,True,1,uint8,True,6000,255.0,253.9445622881445,31.0,0.03815020080321285,rail_mvtec_gt_test\rail_mvtec_depth\cam6\ground_truth\broken\20251112_191827_Cam6_00029.png,True,13.221367923721289,1660,6000,220.0,108.4161989221592,62.0,0.9998421686746988,rail_mvtec_gt_test\rail_mvtec_depth\cam6\test\broken\20251112_191827_Cam6_00029.tiff,True,35.43907184987225,1660,20251112_191827_Cam6_00029,1,uint8,True,6000,255.0,253.9445622881445,31.0,0.03815020080321285,rail_mvtec_gt_test\rail_mvtec\cam6\ground_truth\broken\20251112_191827_Cam6_00029.png,True,13.221367923721289,1660,1,broken,1,uint8,True,6000,255.0,87.82760491112333,1.0,0.999902108433735,rail_mvtec_gt_test\rail_mvtec\cam6\test\broken\20251112_191827_Cam6_00029.jpg,True,29.20854198270585,1660,test
cam6,1,uint8,True,1,uint8,True,6000,255.0,253.80131465644038,31.0,0.03765740181268882,rail_mvtec_gt_test\rail_mvtec_depth\cam6\ground_truth\broken\20251112_191827_Cam6_00095.png,True,14.723747359207449,1655,6000,196.0,110.27640486761986,63.0,0.9998290030211481,rail_mvtec_gt_test\rail_mvtec_depth\cam6\test\broken\20251112_191827_Cam6_00095.tiff,True,35.39405935519913,1655,20251112_191827_Cam6_00095,1,uint8,True,6000,255.0,253.80131465644038,31.0,0.03765740181268882,rail_mvtec_gt_test\rail_mvtec\cam6\ground_truth\broken\20251112_191827_Cam6_00095.png,True,14.723747359207449,1655,1,broken,1,uint8,True,6000,255.0,107.31957388791973,1.0,0.9998929506545821,rail_mvtec_gt_test\rail_mvtec\cam6\test\broken\20251112_191827_Cam6_00095.jpg,True,38.80527765660697,1655,test
